{
  "config": {
    "step": {
      "user": {
        "data": {
          "host": "[%key:common::config_flow::data::host%]",
          "password": "[%key:common::config_flow::data::password%]"
        }
      }
    },
    "error": {
      "cannot_connect": "[%key:common::config_flow::error::cannot_connect%]",
      "invalid_auth": "[%key:common::config_flow::error::invalid_auth%]",
      "unknown": "[%key:common::config_flow::error::unknown%]"
    },
    "abort": {
      "already_configured": "Dss ist bereits verbunden"
    }
  }
}
